FID,FID_1,REGION,PROVINCIA,COMUNA,NOM_REGION,NOM_PROVIN,NOM_COMUNA,TOTAL_VIVI,PARTICULAR,COLECTIVAS,TOTAL_PERS,HOMBRES,MUJERES,DENSIDAD,INDICE_MAS,INDICE_DEP,IND_DEP_JU,IND_DEP_VE,Shape__Are,Shape__Len
0,1,15,151,15101,REGIÓN DE ARICA Y PARINACOTA,ARICA,ARICA,72639,72414,225,221364,109389,111975,46.2,97.7,48.9,32.7,16.2,5362875726.93359,385226.622317739
1,2,15,151,15102,REGIÓN DE ARICA Y PARINACOTA,ARICA,CAMARONES,948,927,21,1255,726,529,0.3,137.2,46.8,22.7,24.1,4424111594.96875,415486.324743516
2,3,15,152,15201,REGIÓN DE ARICA Y PARINACOTA,PARINACOTA,PUTRE,1917,1875,42,2765,2054,711,0.5,288.9,21.3,11.0,10.3,6578891020.75098,436546.355520109
3,4,15,152,15202,REGIÓN DE ARICA Y PARINACOTA,PARINACOTA,GENERAL LAGOS,697,686,11,684,412,272,0.3,151.5,41.9,21.4,20.5,2504779645.1875,258714.908276627
4,5,1,11,1101,REGIÓN DE TARAPACÁ,IQUIQUE,IQUIQUE,66986,66725,261,191468,94897,96571,83.7,98.3,43.8,30.5,13.3,2636780105.06055,439871.456402166
5,6,1,11,1107,REGIÓN DE TARAPACÁ,IQUIQUE,ALTO HOSPICIO,33178,33162,16,108375,54206,54169,188.9,100.1,48.3,42.0,6.3,655223786.244141,109555.123531906
6,7,1,14,1401,REGIÓN DE TARAPACÁ,TAMARUGAL,POZO ALMONTE,8926,8884,42,15711,8987,6724,1.1,133.7,43.3,33.0,10.3,15843650927.749,770446.294130893
7,8,1,14,1402,REGIÓN DE TARAPACÁ,TAMARUGAL,CAMIÑA,1092,1088,4,1250,657,593,0.6,110.8,60.5,35.3,25.2,2486391362.34473,242555.63865905
8,9,1,14,1403,REGIÓN DE TARAPACÁ,TAMARUGAL,COLCHANE,2030,2025,5,1728,995,733,0.4,135.7,36.4,19.9,16.5,4528236010.1084,353257.698220063
9,10,1,14,1404,REGIÓN DE TARAPACÁ,TAMARUGAL,HUARA,2871,2863,8,2730,1501,1229,0.3,122.1,58.5,36.1,22.5,11867326724.3828,708182.802786418
10,11,1,14,1405,REGIÓN DE TARAPACÁ,TAMARUGAL,PICA,2726,2703,23,9296,6550,2746,1.0,238.5,25.1,15.7,9.5,10298034749.5605,691138.318078825
11,12,2,21,2101,REGIÓN DE ANTOFAGASTA,ANTOFAGASTA,ANTOFAGASTA,112451,112275,176,361873,181846,180027,11.8,101.0,40.8,29.7,11.1,37127444667.6582,1236881.7535023
12,13,2,21,2102,REGIÓN DE ANTOFAGASTA,ANTOFAGASTA,MEJILLONES,4216,3976,240,13467,8035,5432,3.8,147.9,33.7,26.2,7.5,4230302435.14844,383072.076235991
13,14,2,21,2103,REGIÓN DE ANTOFAGASTA,ANTOFAGASTA,SIERRA GORDA,570,527,43,10186,8662,1524,0.8,568.4,4.6,3.3,1.3,15344048414.2598,583905.195170562
14,15,2,21,2104,REGIÓN DE ANTOFAGASTA,ANTOFAGASTA,TALTAL,4593,4548,45,13317,7481,5836,0.7,128.2,43.6,30.5,13.1,25089241898.0098,859635.692022721
15,16,2,22,2201,REGIÓN DE ANTOFAGASTA,EL LOA,CALAMA,57307,56963,344,165731,86049,79682,10.6,108.0,40.8,31.4,9.4,18278099852.2598,703500.091172613
16,17,2,22,2202,REGIÓN DE ANTOFAGASTA,EL LOA,OLLAGÜE,439,427,12,321,207,114,0.1,181.6,34.3,24.3,10.0,3388897013.38281,308997.730446242
17,18,2,22,2203,REGIÓN DE ANTOFAGASTA,EL LOA,SAN PEDRO DE ATACAMA,4144,3972,172,10996,6161,4835,0.5,127.4,29.5,21.2,8.3,28098847866.6289,785747.280212988
18,19,2,23,2301,REGIÓN DE ANTOFAGASTA,TOCOPILLA,TOCOPILLA,10670,10620,50,25186,12481,12705,6.2,98.2,52.8,36.6,16.2,4714545312.5,432838.429178111
19,20,2,23,2302,REGIÓN DE ANTOFAGASTA,TOCOPILLA,MARÍA ELENA,1959,1865,94,6457,4092,2365,0.5,173.0,25.2,19.4,5.8,14561258605.1855,637254.833443743
20,21,3,31,3101,REGIÓN DE ATACAMA,COPIAPÓ,COPIAPÓ,55565,55453,112,153937,76627,77310,8.7,99.1,46.8,33.8,13.0,22623871504.3516,1392631.04437452
21,22,3,31,3102,REGIÓN DE ATACAMA,COPIAPÓ,CALDERA,15651,15612,39,17662,9094,8568,4.8,106.1,48.6,33.7,14.9,4667094790.28711,555113.070805416
22,23,3,31,3103,REGIÓN DE ATACAMA,COPIAPÓ,TIERRA AMARILLA,4745,4705,40,14019,7796,6223,1.2,125.3,43.1,32.2,10.9,14462008002.1602,749082.454078336
23,24,3,32,3201,REGIÓN DE ATACAMA,CHAÑARAL,CHAÑARAL,6153,6122,31,12219,6270,5949,2.1,105.4,54.2,37.2,17.0,7222324856.48047,501721.078109166
24,25,3,32,3202,REGIÓN DE ATACAMA,CHAÑARAL,DIEGO DE ALMAGRO,6914,6812,102,13925,7486,6439,0.7,116.3,44.3,33.9,10.4,23699974503.5625,938016.517040725
25,26,3,33,3301,REGIÓN DE ATACAMA,HUASCO,VALLENAR,19402,19339,63,51917,25422,26495,7.2,96.0,54.1,35.2,18.9,9410173105.23242,712645.75665918
26,27,3,33,3302,REGIÓN DE ATACAMA,HUASCO,ALTO DEL CARMEN,2927,2903,24,5299,2925,2374,0.9,123.2,55.4,30.0,25.4,8078731142.50391,527155.309278641
27,28,3,33,3303,REGIÓN DE ATACAMA,HUASCO,FREIRINA,3511,3498,13,7041,3557,3484,2.2,102.1,55.7,35.9,19.7,4212751840.83398,490348.225809142
28,29,3,33,3304,REGIÓN DE ATACAMA,HUASCO,HUASCO,6226,6201,25,10149,5243,4906,6.3,106.9,51.7,33.6,18.1,2071849105.79688,358767.281468124
29,30,4,41,4101,REGIÓN DE COQUIMBO,ELQUI,LA SERENA,87464,87267,197,221054,105836,115218,116.3,91.9,47.5,31.3,16.2,2532762458.81836,306997.851422263
30,31,4,41,4102,REGIÓN DE COQUIMBO,ELQUI,COQUIMBO,89499,89339,160,227730,109872,117858,159.8,93.2,49.2,33.4,15.8,1915023875.85547,325049.699900462
31,32,4,41,4103,REGIÓN DE COQUIMBO,ELQUI,ANDACOLLO,4506,4491,15,11044,5519,5525,21.5,99.9,55.8,34.6,21.2,692011215.634766,150059.637043837
32,33,4,41,4104,REGIÓN DE COQUIMBO,ELQUI,LA HIGUERA,2660,2643,17,4241,2236,2005,1.0,111.5,56.3,35.4,20.9,5499324394.84766,531925.626570386
33,34,4,41,4105,REGIÓN DE COQUIMBO,ELQUI,PAIGUANO,2373,2348,25,4497,2240,2257,3.0,99.2,49.9,28.1,21.8,2035479422.70703,241573.386258598
34,35,4,41,4106,REGIÓN DE COQUIMBO,ELQUI,VICUÑA,10779,10733,46,27771,13792,13979,3.7,98.7,52.0,33.2,18.8,10121549267.1426,684220.659640713
35,36,4,42,4201,REGIÓN DE COQUIMBO,CHOAPA,ILLAPEL,12320,12285,35,30848,14739,16109,11.7,91.5,56.0,34.2,21.8,3629461984.70313,418774.86152017
36,37,4,42,4202,REGIÓN DE COQUIMBO,CHOAPA,CANELA,5278,5270,8,9093,4632,4461,4.1,103.8,62.0,29.6,32.4,3023150715.03125,354071.937930613
37,38,4,42,4203,REGIÓN DE COQUIMBO,CHOAPA,LOS VILOS,13288,13237,51,21382,11061,10321,11.5,107.2,51.5,31.7,19.7,2590511814.29688,339525.33769024
38,39,4,42,4204,REGIÓN DE COQUIMBO,CHOAPA,SALAMANCA,10697,10612,85,29347,15712,13635,8.5,115.2,47.4,28.9,18.5,4794187013.01172,437599.433832813
39,40,4,43,4301,REGIÓN DE COQUIMBO,LIMARÍ,OVALLE,42095,42039,56,111272,53619,57653,31.3,93.0,52.4,34.1,18.3,4812124884.6875,561741.850236728
40,41,4,43,4302,REGIÓN DE COQUIMBO,LIMARÍ,COMBARBALÁ,6999,6980,19,13322,6656,6666,5.8,99.8,59.3,29.2,30.1,3144702788.44922,328965.483897992
41,42,4,43,4303,REGIÓN DE COQUIMBO,LIMARÍ,MONTE PATRIA,13074,13043,31,30751,15270,15481,7.3,98.6,55.0,34.5,20.5,5731217022.60547,442605.583591278
42,43,4,43,4304,REGIÓN DE COQUIMBO,LIMARÍ,PUNITAQUI,4812,4806,6,10956,5452,5504,10.0,99.1,60.3,36.4,23.9,1489514351.7207,268506.200045376
43,44,4,43,4305,REGIÓN DE COQUIMBO,LIMARÍ,RÍO HURTADO,2764,2751,13,4278,2138,2140,1.9,99.9,59.6,28.1,31.4,2976173995.95508,362741.379661759
44,45,5,51,5101,REGIÓN DE VALPARAÍSO,VALPARAÍSO,VALPARAÍSO,117196,116835,361,296655,144945,151710,935.3,95.5,45.2,25.8,19.4,452071490.671875,167384.228818894
45,46,5,51,5102,REGIÓN DE VALPARAÍSO,VALPARAÍSO,CASABLANCA,11606,11588,18,26867,13346,13521,28.1,98.7,47.5,29.6,17.9,1370067308.10938,243996.512222503
46,47,5,51,5103,REGIÓN DE VALPARAÍSO,VALPARAÍSO,CONCÓN,20290,20266,24,42152,20321,21831,549.9,93.1,45.1,28.2,16.8,109192602.236328,57332.818380333
47,48,5,51,5104,REGIÓN DE VALPARAÍSO,VALPARAÍSO,JUAN FERNÁNDEZ,445,438,7,926,499,427,8.7,116.9,41.4,29.2,12.2,150532370.107422,142974.467386178
48,49,5,51,5105,REGIÓN DE VALPARAÍSO,VALPARAÍSO,PUCHUNCAVÍ,17451,17436,15,18546,9358,9188,61.7,101.9,52.2,30.3,21.9,425977614.912109,123980.405925271
49,50,5,51,5107,REGIÓN DE VALPARAÍSO,VALPARAÍSO,QUINTERO,17442,17417,25,31923,15834,16089,218.4,98.4,51.7,31.5,20.2,207524809.361328,91870.513330977
50,51,5,51,5109,REGIÓN DE VALPARAÍSO,VALPARAÍSO,VIÑA DEL MAR,147117,146844,273,334248,158669,175579,2772.2,90.4,45.7,24.1,21.6,172001380.007813,72706.6273447385
51,52,5,52,5201,REGIÓN DE VALPARAÍSO,ISLA DE PASCUA,ISLA DE PASCUA,3136,3022,114,7750,3819,3931,31.5,97.2,37.6,29.1,8.4,207903357.746094,87393.7209619135
52,53,5,53,5301,REGIÓN DE VALPARAÍSO,LOS ANDES,LOS ANDES,23661,23581,80,66708,33289,33419,54.1,99.6,46.9,29.2,17.7,1757398388.80469,271270.831227597
53,54,5,53,5302,REGIÓN DE VALPARAÍSO,LOS ANDES,CALLE LARGA,5488,5484,4,14832,7328,7504,46.0,97.7,51.5,34.3,17.2,458933999.835938,119394.596202205
54,55,5,53,5303,REGIÓN DE VALPARAÍSO,LOS ANDES,RINCONADA,3634,3622,12,10207,5134,5073,82.9,101.2,51.7,35.1,16.6,175026759.419922,69098.9258149822
55,56,5,53,5304,REGIÓN DE VALPARAÍSO,LOS ANDES,SAN ESTEBAN,7323,7317,6,18855,9303,9552,13.7,97.4,50.9,32.9,18.0,1946417524.82617,220295.877799611
56,57,5,54,5401,REGIÓN DE VALPARAÍSO,PETORCA,LA LIGUA,17309,17285,24,35390,17340,18050,30.4,96.1,51.0,30.5,20.5,1636332009.49805,253834.597472476
57,58,5,54,5402,REGIÓN DE VALPARAÍSO,PETORCA,CABILDO,7064,7052,12,19388,9467,9921,13.3,95.4,52.8,33.7,19.1,2049622739.3457,298882.757210398
58,59,5,54,5403,REGIÓN DE VALPARAÍSO,PETORCA,PAPUDO,5823,5814,9,6356,3341,3015,38.1,110.8,42.4,24.8,17.6,234596116.798828,82471.2920014586
59,60,5,54,5404,REGIÓN DE VALPARAÍSO,PETORCA,PETORCA,4446,4435,11,9826,4889,4937,6.5,99.0,51.7,29.1,22.6,2123642732.90039,256687.216670784
60,61,5,54,5405,REGIÓN DE VALPARAÍSO,PETORCA,ZAPALLAR,6961,6954,7,7339,3704,3635,25.4,101.9,48.8,27.0,21.8,408040672.052734,115527.977148862
61,62,5,55,5501,REGIÓN DE VALPARAÍSO,QUILLOTA,QUILLOTA,33118,33068,50,90517,43537,46980,300.2,92.7,49.9,30.0,19.8,428803372.8125,105623.430859799
62,63,5,55,5502,REGIÓN DE VALPARAÍSO,QUILLOTA,CALERA,18106,18093,13,50554,24462,26092,852.4,93.8,50.7,31.0,19.7,84013059.6601563,66716.071641977
63,64,5,55,5503,REGIÓN DE VALPARAÍSO,QUILLOTA,HIJUELAS,6596,6589,7,17988,9037,8951,66.9,101.0,48.1,30.6,17.5,382230816.396484,107612.961530449
64,65,5,55,5504,REGIÓN DE VALPARAÍSO,QUILLOTA,LA CRUZ,8064,8061,3,22098,10656,11442,282.8,93.1,49.7,34.2,15.4,111108703.595703,57173.0938668563
65,66,5,55,5506,REGIÓN DE VALPARAÍSO,QUILLOTA,NOGALES,7690,7681,9,22120,10799,11321,54.6,95.4,52.2,32.0,20.1,573579477.873047,122642.424240531
66,67,5,56,5601,REGIÓN DE VALPARAÍSO,SAN ANTONIO,SAN ANTONIO,32493,32410,83,91350,44713,46637,229.2,95.9,49.6,30.6,19.0,576533852.886719,148715.271608971
67,68,5,56,5602,REGIÓN DE VALPARAÍSO,SAN ANTONIO,ALGARROBO,19956,19944,12,13817,6734,7083,78.7,95.1,58.4,27.8,30.6,252180955.826172,87074.7899735934
68,69,5,56,5603,REGIÓN DE VALPARAÍSO,SAN ANTONIO,CARTAGENA,15778,15758,20,22738,11265,11473,93.0,98.2,58.4,32.0,26.4,352543421.880859,109229.131752318
69,70,5,56,5604,REGIÓN DE VALPARAÍSO,SAN ANTONIO,EL QUISCO,18312,18260,52,15955,7826,8129,315.0,96.3,63.6,29.3,34.3,72809579.984375,50235.9747480745
70,71,5,56,5605,REGIÓN DE VALPARAÍSO,SAN ANTONIO,EL TABO,20596,20568,28,13286,6682,6604,134.2,101.2,61.3,27.8,33.5,142687727.025391,72091.6556534632
71,72,5,56,5606,REGIÓN DE VALPARAÍSO,SAN ANTONIO,SANTO DOMINGO,7828,7820,8,10900,5428,5472,20.5,99.2,51.1,30.9,20.2,771919876.835938,145674.803174991
72,73,5,57,5701,REGIÓN DE VALPARAÍSO,SAN FELIPE DE ACONCAGUA,SAN FELIPE,27708,27672,36,76844,37219,39625,411.2,93.9,49.3,31.9,17.4,264713670.255859,113645.973350217
73,74,5,57,5702,REGIÓN DE VALPARAÍSO,SAN FELIPE DE ACONCAGUA,CATEMU,5171,5164,7,13998,6982,7016,38.8,99.5,52.0,31.8,20.2,511378437.160156,111602.032719716
74,75,5,57,5703,REGIÓN DE VALPARAÍSO,SAN FELIPE DE ACONCAGUA,LLAILLAY,8927,8913,14,24608,12216,12392,70.5,98.6,51.1,32.5,18.6,496434423.960938,116252.446367533
75,76,5,57,5704,REGIÓN DE VALPARAÍSO,SAN FELIPE DE ACONCAGUA,PANQUEHUE,2514,2509,5,7273,3677,3596,60.1,102.3,49.7,32.3,17.5,171872797.371094,66678.9991525525
76,77,5,57,5705,REGIÓN DE VALPARAÍSO,SAN FELIPE DE ACONCAGUA,PUTAENDO,6337,6312,25,16754,8358,8396,11.5,99.5,53.2,30.4,22.8,2045289013.10156,265557.479928449
77,78,5,57,5706,REGIÓN DE VALPARAÍSO,SAN FELIPE DE ACONCAGUA,SANTA MARÍA,5587,5584,3,15241,7586,7655,92.0,99.1,49.7,31.0,18.6,234560072.449219,90401.8351816183
78,79,5,58,5801,REGIÓN DE VALPARAÍSO,MARGA MARGA,QUILPUÉ,56851,56819,32,151708,71746,79962,283.0,89.7,49.4,27.5,21.9,766337794.625,191961.04952026
79,80,5,58,5802,REGIÓN DE VALPARAÍSO,MARGA MARGA,LIMACHE,16710,16683,27,46121,22353,23768,156.2,94.0,52.2,30.9,21.3,421179751.804688,140932.543457636
80,81,5,58,5803,REGIÓN DE VALPARAÍSO,MARGA MARGA,OLMUÉ,9090,9085,5,17516,8597,8919,75.7,96.4,53.6,29.3,24.3,329842005.251953,83271.9292282349
81,82,5,58,5804,REGIÓN DE VALPARAÍSO,MARGA MARGA,VILLA ALEMANA,44982,44937,45,126548,59756,66792,1318.0,89.5,49.3,29.8,19.5,136992830.880859,60159.7374845581
82,83,13,131,13101,REGIÓN METROPOLITANA DE SANTIAGO,SANTIAGO,SANTIAGO,193628,193263,365,404495,206678,197817,17485.2,104.5,24.4,15.2,9.2,33366985.8046875,28964.173310866
83,84,13,131,13102,REGIÓN METROPOLITANA DE SANTIAGO,SANTIAGO,CERRILLOS,24547,24531,16,80832,39631,41201,4818.8,96.2,47.0,29.5,17.5,24197898.515625,25050.8820566956
84,85,13,131,13103,REGIÓN METROPOLITANA DE SANTIAGO,SANTIAGO,CERRO NAVIA,38020,38016,4,132622,65438,67184,11949.6,97.4,47.4,29.2,18.2,16101300.7402344,19750.0827322275
85,86,13,131,13104,REGIÓN METROPOLITANA DE SANTIAGO,SANTIAGO,CONCHALÍ,37759,37735,24,126955,61877,65078,11427.9,95.1,47.8,27.5,20.3,15905959.1210938,16776.2038814353
86,87,13,131,13105,REGIÓN METROPOLITANA DE SANTIAGO,SANTIAGO,EL BOSQUE,47941,47892,49,162505,79372,83133,11344.6,95.5,48.2,30.1,18.1,20556192.9648438,18499.7131181706
87,88,13,131,13106,REGIÓN METROPOLITANA DE SANTIAGO,SANTIAGO,ESTACIÓN CENTRAL,52486,52413,73,147041,73458,73583,10244.4,99.8,39.2,22.7,16.5,20762011.6152344,22529.2921648989
88,89,13,131,13107,REGIÓN METROPOLITANA DE SANTIAGO,SANTIAGO,HUECHURABA,28945,28939,6,98671,48122,50549,2197.5,95.2,48.9,34.7,14.2,64682843.0742188,38454.1463746597
89,90,13,131,13108,REGIÓN METROPOLITANA DE SANTIAGO,SANTIAGO,INDEPENDENCIA,36666,36612,54,100281,49186,51095,13627.2,96.3,38.4,23.2,15.2,10657655.7441406,13645.157182979
90,91,13,131,13109,REGIÓN METROPOLITANA DE SANTIAGO,SANTIAGO,LA CISTERNA,31480,31421,59,90119,43147,46972,9030.7,91.9,47.4,26.2,21.2,14552391.0683594,15270.0703901741
91,92,13,131,13110,REGIÓN METROPOLITANA DE SANTIAGO,SANTIAGO,LA FLORIDA,120035,119960,75,366916,175693,191223,5180.7,91.9,45.3,26.6,18.6,102326496.041016,58877.6197823841
92,93,13,131,13111,REGIÓN METROPOLITANA DE SANTIAGO,SANTIAGO,LA GRANJA,34423,34403,20,116571,57025,59546,11553.6,95.8,45.5,28.2,17.4,14638991.1699219,16953.265045127
93,94,13,131,13112,REGIÓN METROPOLITANA DE SANTIAGO,SANTIAGO,LA PINTANA,50042,50012,30,177335,87044,90291,5823.6,96.4,48.5,34.9,13.6,44102900.3769531,31888.3678492358
94,95,13,131,13113,REGIÓN METROPOLITANA DE SANTIAGO,SANTIAGO,LA REINA,29801,29732,69,92787,43599,49188,3958.8,88.6,48.7,26.5,22.2,33685680.4960938,28281.8266752365
95,96,13,131,13114,REGIÓN METROPOLITANA DE SANTIAGO,SANTIAGO,LAS CONDES,118007,117901,106,294838,135917,158921,2977.0,85.5,44.7,22.1,22.6,142733761.398438,61357.3481655205
96,97,13,131,13115,REGIÓN METROPOLITANA DE SANTIAGO,SANTIAGO,LO BARNECHEA,31225,31195,30,105833,50500,55333,103.4,91.3,44.6,33.6,11.0,1469094240.56836,177255.593974725
97,98,13,131,13116,REGIÓN METROPOLITANA DE SANTIAGO,SANTIAGO,LO ESPEJO,26774,26762,12,98804,49146,49658,11986.6,99.0,45.8,28.7,17.1,11704346.7792969,13747.2051236313
98,99,13,131,13117,REGIÓN METROPOLITANA DE SANTIAGO,SANTIAGO,LO PRADO,29526,29516,10,96249,46799,49450,14672.9,94.6,48.7,27.0,21.6,9445860.59765625,12768.2584314717
99,100,13,131,13118,REGIÓN METROPOLITANA DE SANTIAGO,SANTIAGO,MACUL,43121,43085,36,116534,55161,61373,9074.2,89.9,45.8,24.4,21.4,18520195.4335938,18281.4245979989
100,101,13,131,13119,REGIÓN METROPOLITANA DE SANTIAGO,SANTIAGO,MAIPÚ,161354,161301,53,521627,250792,270835,3788.7,92.6,40.3,27.1,13.2,198389205.4375,73181.7877851049
101,102,13,131,13120,REGIÓN METROPOLITANA DE SANTIAGO,SANTIAGO,ÑUÑOA,92248,92121,127,208237,95409,112828,12353.0,84.6,41.8,21.1,20.7,24312289.921875,21168.7374012014
102,103,13,131,13121,REGIÓN METROPOLITANA DE SANTIAGO,SANTIAGO,PEDRO AGUIRRE CERDA,29906,29890,16,101174,49513,51661,11553.8,95.8,47.2,26.3,20.9,12650067.0878906,15593.0082391776
103,104,13,131,13122,REGIÓN METROPOLITANA DE SANTIAGO,SANTIAGO,PEÑALOLÉN,70394,70376,18,241599,116882,124717,4506.9,93.7,44.2,29.3,14.9,77268398.5214844,43484.8729552126
104,105,13,131,13123,REGIÓN METROPOLITANA DE SANTIAGO,SANTIAGO,PROVIDENCIA,70965,70738,227,142079,65710,76369,9873.1,86.0,39.2,17.4,21.8,20543805.6523438,19164.557024241
105,106,13,131,13124,REGIÓN METROPOLITANA DE SANTIAGO,SANTIAGO,PUDAHUEL,68940,68918,22,230293,112412,117881,1167.5,95.4,41.5,29.5,12.0,283968135.449219,85102.0186923496
106,107,13,131,13125,REGIÓN METROPOLITANA DE SANTIAGO,SANTIAGO,QUILICURA,62470,62461,9,210410,103456,106954,3670.7,96.7,39.3,31.7,7.6,82393986.5253906,41289.8441858439
107,108,13,131,13126,REGIÓN METROPOLITANA DE SANTIAGO,SANTIAGO,QUINTA NORMAL,38989,38951,38,110026,53669,56357,9311.9,95.2,43.9,25.2,18.7,16872413.3671875,20954.3838997784
108,109,13,131,13127,REGIÓN METROPOLITANA DE SANTIAGO,SANTIAGO,RECOLETA,50178,50113,65,157851,77709,80142,10000.2,97.0,44.0,26.0,18.1,22677272.5234375,22059.8162293579
109,110,13,131,13128,REGIÓN METROPOLITANA DE SANTIAGO,SANTIAGO,RENCA,43174,43165,9,147151,72681,74470,6194.4,97.6,46.8,32.1,14.7,34035034.0039063,34207.314087618
110,111,13,131,13129,REGIÓN METROPOLITANA DE SANTIAGO,SANTIAGO,SAN JOAQUÍN,30096,30071,25,94492,45831,48661,9504.2,94.2,47.1,25.3,21.8,14196855.2070313,16866.6670189135
111,112,13,131,13130,REGIÓN METROPOLITANA DE SANTIAGO,SANTIAGO,SAN MIGUEL,42947,42893,54,107954,50738,57216,11229.8,88.7,41.6,23.5,18.1,14038301.453125,16018.4565637051
112,113,13,131,13131,REGIÓN METROPOLITANA DE SANTIAGO,SANTIAGO,SAN RAMÓN,23855,23843,12,82900,40873,42027,13207.6,97.3,50.8,28.8,22.0,8935112.58789063,14023.8274707365
113,114,13,131,13132,REGIÓN METROPOLITANA DE SANTIAGO,SANTIAGO,VITACURA,31777,31745,32,85384,38402,46982,3003.8,81.7,56.4,28.8,27.5,40948101.5449219,30663.7993456278
114,115,13,132,13201,REGIÓN METROPOLITANA DE SANTIAGO,CORDILLERA,PUENTE ALTO,171511,171450,61,568106,275147,292959,6439.5,93.9,41.4,30.6,10.8,127416650.107422,59058.9719066008
115,116,13,132,13202,REGIÓN METROPOLITANA DE SANTIAGO,CORDILLERA,PIRQUE,8308,8296,12,26521,13429,13092,59.6,102.6,44.9,30.3,14.6,645581140.398438,124097.246609447
116,117,13,132,13203,REGIÓN METROPOLITANA DE SANTIAGO,CORDILLERA,SAN JOSÉ DE MAIPO,6926,6850,76,18189,9861,8328,3.7,118.4,40.6,25.1,15.5,7222227505.11133,576352.560530061
117,118,13,133,13301,REGIÓN METROPOLITANA DE SANTIAGO,CHACABUCO,COLINA,43028,43000,28,146207,74635,71572,150.6,104.3,47.5,38.7,8.8,1388291115.35156,203420.738199626
118,119,13,133,13302,REGIÓN METROPOLITANA DE SANTIAGO,CHACABUCO,LAMPA,33342,33316,26,102034,51545,50489,226.7,102.1,47.1,38.6,8.6,645915507.466797,126276.028996991
119,120,13,133,13303,REGIÓN METROPOLITANA DE SANTIAGO,CHACABUCO,TILTIL,6934,6900,34,19312,10047,9265,29.5,108.4,45.9,30.8,15.2,934028891.802734,159192.437002297
120,121,13,134,13401,REGIÓN METROPOLITANA DE SANTIAGO,MAIPO,SAN BERNARDO,90241,90193,48,301313,147800,153513,1970.9,96.3,45.7,33.1,12.6,221343836.261719,102327.632663749
121,122,13,134,13402,REGIÓN METROPOLITANA DE SANTIAGO,MAIPO,BUIN,31152,31109,43,96614,47575,49039,444.2,97.0,45.3,32.6,12.7,315540028.095703,105298.631859683
122,123,13,134,13403,REGIÓN METROPOLITANA DE SANTIAGO,MAIPO,CALERA DE TANGO,7601,7588,13,25392,12718,12674,347.2,100.3,43.6,30.0,13.5,105831328.03125,53700.8484030206
123,124,13,134,13404,REGIÓN METROPOLITANA DE SANTIAGO,MAIPO,PAINE,24462,24431,31,72759,36521,36238,107.4,100.8,46.2,32.0,14.2,985040694.792969,194491.771366076
124,125,13,135,13501,REGIÓN METROPOLITANA DE SANTIAGO,MELIPILLA,MELIPILLA,43393,43329,64,123627,61410,62217,91.4,98.7,48.1,31.0,17.1,1960011201.83008,277486.999594212
125,126,13,135,13502,REGIÓN METROPOLITANA DE SANTIAGO,MELIPILLA,ALHUÉ,2658,2627,31,6444,3516,2928,7.6,120.1,42.5,26.8,15.7,1233230276.93164,184082.712097385
126,127,13,135,13503,REGIÓN METROPOLITANA DE SANTIAGO,MELIPILLA,CURACAVÍ,11806,11784,22,32579,16222,16357,46.9,99.2,48.2,30.6,17.6,997658179.080078,183504.970625203
127,128,13,135,13504,REGIÓN METROPOLITANA DE SANTIAGO,MELIPILLA,MARÍA PINTO,4852,4850,2,13590,6830,6760,34.4,101.0,47.1,30.2,16.9,568714163.833984,129127.987168584
128,129,13,135,13505,REGIÓN METROPOLITANA DE SANTIAGO,MELIPILLA,SAN PEDRO,4187,4184,3,9726,5132,4594,12.4,111.7,54.8,32.7,22.1,1145957342.25781,193496.786629138
129,130,13,136,13601,REGIÓN METROPOLITANA DE SANTIAGO,TALAGANTE,TALAGANTE,23271,23251,20,74237,36769,37468,586.4,98.1,45.3,31.2,14.1,183173127.728516,80507.1823120284
130,131,13,136,13602,REGIÓN METROPOLITANA DE SANTIAGO,TALAGANTE,EL MONTE,11869,11860,9,35923,17793,18130,312.7,98.1,48.6,33.5,15.1,166417181.541016,59105.8843657511
131,132,13,136,13603,REGIÓN METROPOLITANA DE SANTIAGO,TALAGANTE,ISLA DE MAIPO,11826,11817,9,36219,18051,18168,191.3,99.4,47.5,32.4,15.1,274806416.972656,95287.6893456469
132,133,13,136,13604,REGIÓN METROPOLITANA DE SANTIAGO,TALAGANTE,PADRE HURTADO,20807,20787,20,63250,31452,31798,780.2,98.9,45.6,32.7,12.9,116995684.111328,60467.8754015605
133,134,13,136,13605,REGIÓN METROPOLITANA DE SANTIAGO,TALAGANTE,PEÑAFLOR,28549,28522,27,90201,43944,46257,1301.0,95.0,47.1,32.5,14.6,100206934.736328,46417.5397956526
134,135,6,61,6101,REGIÓN DEL LIBERTADOR GENERAL BERNARDO O'HIGGINS,CACHAPOAL,RANCAGUA,90043,89904,139,241774,117942,123832,923.7,95.2,47.7,31.1,16.6,382835855.197266,96984.9818673108
135,136,6,61,6102,REGIÓN DEL LIBERTADOR GENERAL BERNARDO O'HIGGINS,CACHAPOAL,CODEGUA,4402,4394,8,12988,6510,6478,45.5,100.5,46.4,31.1,15.3,417146783.4375,150733.99514545
136,137,6,61,6103,REGIÓN DEL LIBERTADOR GENERAL BERNARDO O'HIGGINS,CACHAPOAL,COINCO,2808,2804,4,7359,3729,3630,75.7,102.7,50.6,28.7,21.9,142817347.607422,72907.517689803
137,138,6,61,6104,REGIÓN DEL LIBERTADOR GENERAL BERNARDO O'HIGGINS,CACHAPOAL,COLTAUCO,7567,7562,5,19597,9806,9791,88.1,100.2,50.1,31.3,18.7,326618189.224609,106546.998857997
138,139,6,61,6105,REGIÓN DEL LIBERTADOR GENERAL BERNARDO O'HIGGINS,CACHAPOAL,DOÑIHUE,7738,7732,6,20887,10394,10493,260.6,99.1,49.3,32.2,17.1,117361953.537109,52774.7957240483
139,140,6,61,6106,REGIÓN DEL LIBERTADOR GENERAL BERNARDO O'HIGGINS,CACHAPOAL,GRANEROS,11391,11379,12,33437,16634,16803,297.9,99.0,48.7,34.5,14.2,164020453.617188,66122.2193795365
140,141,6,61,6107,REGIÓN DEL LIBERTADOR GENERAL BERNARDO O'HIGGINS,CACHAPOAL,LAS CABRAS,11894,11863,31,24640,12656,11984,32.8,105.6,48.5,29.5,19.1,1098777079.33594,186833.928004231
141,142,6,61,6108,REGIÓN DEL LIBERTADOR GENERAL BERNARDO O'HIGGINS,CACHAPOAL,MACHALÍ,19701,19678,23,52505,25585,26920,20.2,95.0,48.9,36.7,12.3,3813705887.29688,342001.717413863
142,143,6,61,6109,REGIÓN DEL LIBERTADOR GENERAL BERNARDO O'HIGGINS,CACHAPOAL,MALLOA,5023,5018,5,13407,6819,6588,60.9,103.5,48.3,28.2,20.1,324704461.076172,131887.38568394
143,144,6,61,6110,REGIÓN DEL LIBERTADOR GENERAL BERNARDO O'HIGGINS,CACHAPOAL,MOSTAZAL,9100,9090,10,25343,12663,12680,48.3,99.9,49.0,32.4,16.6,764970785.599609,150242.181404017
144,145,6,61,6111,REGIÓN DEL LIBERTADOR GENERAL BERNARDO O'HIGGINS,CACHAPOAL,OLIVAR,4636,4630,6,13608,6822,6786,287.6,100.5,46.5,31.0,15.5,69414146.4375,46209.0536238529
145,146,6,61,6112,REGIÓN DEL LIBERTADOR GENERAL BERNARDO O'HIGGINS,CACHAPOAL,PEUMO,4931,4924,7,14313,7237,7076,92.2,102.3,47.9,29.1,18.9,227862745.185547,72526.4419473515
146,147,6,61,6113,REGIÓN DEL LIBERTADOR GENERAL BERNARDO O'HIGGINS,CACHAPOAL,PICHIDEGUA,7287,7277,10,19714,10080,9634,61.8,104.6,48.8,28.6,20.2,468907659.304688,123228.447963596
147,148,6,61,6114,REGIÓN DEL LIBERTADOR GENERAL BERNARDO O'HIGGINS,CACHAPOAL,QUINTA DE TILCOCO,4740,4729,11,13002,6519,6483,149.9,100.6,47.5,28.6,18.9,127652869.244141,53803.5173745583
148,149,6,61,6115,REGIÓN DEL LIBERTADOR GENERAL BERNARDO O'HIGGINS,CACHAPOAL,RENGO,20848,20827,21,58825,28844,29981,100.6,96.2,48.7,31.6,17.0,862735969.291016,199876.860802274
149,150,6,61,6116,REGIÓN DEL LIBERTADOR GENERAL BERNARDO O'HIGGINS,CACHAPOAL,REQUÍNOA,9236,9210,26,27968,14125,13843,41.5,102.0,46.0,31.7,14.3,991141596.095703,166382.734110048
150,151,6,61,6117,REGIÓN DEL LIBERTADOR GENERAL BERNARDO O'HIGGINS,CACHAPOAL,SAN VICENTE,17584,17564,20,46766,23302,23464,96.6,99.3,49.4,29.4,19.9,714307297.193359,145933.533499205
151,152,6,62,6201,REGIÓN DEL LIBERTADOR GENERAL BERNARDO O'HIGGINS,CARDENAL CARO,PICHILEMU,12056,12029,27,16394,8289,8105,22.9,102.3,47.6,27.9,19.7,1052382635.75586,218509.918062254
152,153,6,62,6202,REGIÓN DEL LIBERTADOR GENERAL BERNARDO O'HIGGINS,CARDENAL CARO,LA ESTRELLA,1893,1891,2,3041,1603,1438,7.0,111.5,51.4,24.5,26.9,634667849.935547,149534.449003037
153,154,6,62,6203,REGIÓN DEL LIBERTADOR GENERAL BERNARDO O'HIGGINS,CARDENAL CARO,LITUECHE,3485,3476,9,6294,3287,3007,10.2,109.3,51.2,27.7,23.4,905889919.794922,226737.244525672
154,155,6,62,6204,REGIÓN DEL LIBERTADOR GENERAL BERNARDO O'HIGGINS,CARDENAL CARO,MARCHIHUE,3419,3411,8,7308,3745,3563,11.1,105.1,50.6,25.9,24.7,967222047.478516,202216.294866908
155,156,6,62,6205,REGIÓN DEL LIBERTADOR GENERAL BERNARDO O'HIGGINS,CARDENAL CARO,NAVIDAD,5525,5509,16,6641,3475,3166,22.2,109.8,59.7,25.7,34.0,435844577.072266,114251.988971657
156,157,6,62,6206,REGIÓN DEL LIBERTADOR GENERAL BERNARDO O'HIGGINS,CARDENAL CARO,PAREDONES,3852,3840,12,6188,3220,2968,10.8,108.5,53.5,24.3,29.3,850074173.457031,162088.604445036
157,158,6,63,6301,REGIÓN DEL LIBERTADOR GENERAL BERNARDO O'HIGGINS,COLCHAGUA,SAN FERNANDO,28736,28661,75,73973,36077,37896,31.9,95.2,49.4,31.9,17.5,3446549936.54102,321145.799504837
158,159,6,63,6302,REGIÓN DEL LIBERTADOR GENERAL BERNARDO O'HIGGINS,COLCHAGUA,CHÉPICA,5740,5736,4,15037,7577,7460,31.5,101.6,50.4,28.6,21.8,710036666.640625,177737.646243012
159,160,6,63,6303,REGIÓN DEL LIBERTADOR GENERAL BERNARDO O'HIGGINS,COLCHAGUA,CHIMBARONGO,12923,12909,14,35399,17824,17575,69.6,101.4,47.7,30.1,17.6,755422186.791016,148337.570465643
160,161,6,63,6304,REGIÓN DEL LIBERTADOR GENERAL BERNARDO O'HIGGINS,COLCHAGUA,LOLOL,2982,2976,6,6811,3471,3340,11.4,103.9,52.9,26.4,26.5,886407475.414063,173083.864961709
161,162,6,63,6305,REGIÓN DEL LIBERTADOR GENERAL BERNARDO O'HIGGINS,COLCHAGUA,NANCAGUA,6546,6535,11,17833,8830,9003,117.6,98.1,48.3,29.8,18.5,224367071.761719,90301.8199745981
162,163,6,63,6306,REGIÓN DEL LIBERTADOR GENERAL BERNARDO O'HIGGINS,COLCHAGUA,PALMILLA,4553,4549,4,12482,6331,6151,53.1,102.9,45.7,27.3,18.4,347149636.560547,102886.830947623
163,164,6,63,6307,REGIÓN DEL LIBERTADOR GENERAL BERNARDO O'HIGGINS,COLCHAGUA,PERALILLO,4490,4485,5,11007,5538,5469,39.0,101.3,49.1,27.3,21.8,416263186.109375,116181.226306731
164,165,6,63,6308,REGIÓN DEL LIBERTADOR GENERAL BERNARDO O'HIGGINS,COLCHAGUA,PLACILLA,3180,3174,6,8738,4432,4306,60.6,102.9,48.2,28.4,19.8,213666461.505859,67740.8343496495
165,166,6,63,6309,REGIÓN DEL LIBERTADOR GENERAL BERNARDO O'HIGGINS,COLCHAGUA,PUMANQUE,1670,1668,2,3421,1751,1670,7.8,104.9,49.7,21.3,28.4,652377725.335938,130162.840825767
166,167,6,63,6310,REGIÓN DEL LIBERTADOR GENERAL BERNARDO O'HIGGINS,COLCHAGUA,SANTA CRUZ,14334,14300,34,37855,18593,19262,96.1,96.5,48.5,29.5,19.0,583245594.814453,152689.620454771
167,168,7,71,7101,REGIÓN DEL MAULE,TALCA,TALCA,80810,80575,235,220357,105622,114735,949.8,92.1,45.2,27.9,17.3,350271466.792969,103620.78583733
168,169,7,71,7102,REGIÓN DEL MAULE,TALCA,CONSTITUCIÓN,18740,18660,80,46068,23005,23063,34.5,99.7,47.5,32.5,14.9,2007967540.64844,316189.422350194
169,170,7,71,7103,REGIÓN DEL MAULE,TALCA,CUREPTO,4556,4550,6,9448,4852,4596,8.8,105.6,56.0,24.1,31.9,1600601692.93945,232997.135302325
170,171,7,71,7104,REGIÓN DEL MAULE,TALCA,EMPEDRADO,1660,1652,8,4142,2199,1943,7.3,113.2,48.8,29.9,18.9,860620384.958984,173674.043146508
171,172,7,71,7105,REGIÓN DEL MAULE,TALCA,MAULE,18683,18670,13,49721,24259,25462,204.6,95.3,48.7,38.6,10.1,367211249.421875,98098.616252838
172,173,7,71,7106,REGIÓN DEL MAULE,TALCA,PELARCO,3282,3278,4,8422,4231,4191,25.5,101.0,51.8,29.7,22.1,498573968.658203,137191.771524423
173,174,7,71,7107,REGIÓN DEL MAULE,TALCA,PENCAHUE,3555,3551,4,8245,4242,4003,8.6,106.0,49.9,26.7,23.2,1438625970.35156,214402.305676237
174,175,7,71,7108,REGIÓN DEL MAULE,TALCA,RÍO CLARO,5506,5500,6,13906,7246,6660,32.1,108.8,47.5,28.2,19.3,650377519.089844,175015.90445197
175,176,7,71,7109,REGIÓN DEL MAULE,TALCA,SAN CLEMENTE,18387,18348,39,43269,21677,21592,9.6,100.4,49.8,31.3,18.5,6841275148.49219,545188.164438218
176,177,7,71,7110,REGIÓN DEL MAULE,TALCA,SAN RAFAEL,3593,3590,3,9191,4569,4622,34.9,98.9,52.3,33.2,19.1,395618296.789063,117189.348975374
177,178,7,72,7201,REGIÓN DEL MAULE,CAUQUENES,CAUQUENES,17895,17878,17,40441,19314,21127,19.0,91.4,56.7,31.0,25.7,3250404904.8125,373173.819799278
178,179,7,72,7202,REGIÓN DEL MAULE,CAUQUENES,CHANCO,3704,3697,7,8928,4450,4478,16.9,99.4,54.2,30.1,24.1,802100029.705078,165847.524930859
179,180,7,72,7203,REGIÓN DEL MAULE,CAUQUENES,PELLUHUE,5791,5758,33,7571,3765,3806,20.5,98.9,58.2,31.6,26.5,564084594.837891,160176.486107963
180,181,7,73,7301,REGIÓN DEL MAULE,CURICÓ,CURICÓ,54598,54549,49,149136,72511,76625,111.9,94.6,46.1,30.2,15.8,2001250360.20313,386869.81270362
181,182,7,73,7302,REGIÓN DEL MAULE,CURICÓ,HUALAÑÉ,4329,4322,7,9657,4883,4774,15.3,102.3,52.9,27.6,25.4,942370842.394531,214202.162951535
182,183,7,73,7303,REGIÓN DEL MAULE,CURICÓ,LICANTÉN,3959,3931,28,6653,3353,3300,24.5,101.6,49.8,27.7,22.2,405683609.576172,138129.961151716
183,184,7,73,7304,REGIÓN DEL MAULE,CURICÓ,MOLINA,17338,17305,33,45976,22635,23341,30.3,97.0,48.3,30.4,17.9,2287254842.16406,416934.249658692
184,185,7,73,7305,REGIÓN DEL MAULE,CURICÓ,RAUCO,4158,4156,2,10484,5238,5246,33.9,99.8,49.6,29.4,20.2,460962580.951172,162931.804257517
185,186,7,73,7306,REGIÓN DEL MAULE,CURICÓ,ROMERAL,5709,5684,25,15187,7624,7563,9.5,100.8,45.8,29.1,16.7,2399735651.3125,313962.221860105
186,187,7,73,7307,REGIÓN DEL MAULE,CURICÓ,SAGRADA FAMILIA,6842,6837,5,18544,9384,9160,33.8,102.4,45.9,27.9,18.1,820070280.650391,159034.50107895
187,188,7,73,7308,REGIÓN DEL MAULE,CURICÓ,TENO,10807,10789,18,28921,14764,14157,46.7,104.3,46.6,28.8,17.8,922297327.611328,204317.218715781
188,189,7,73,7309,REGIÓN DEL MAULE,CURICÓ,VICHUQUÉN,3465,3453,12,4322,2217,2105,9.6,105.3,52.0,26.1,25.8,671583317.619141,143627.63741022
189,190,7,74,7401,REGIÓN DEL MAULE,LINARES,LINARES,35676,35641,35,93602,44671,48931,63.8,91.3,50.1,31.3,18.8,2243375927.16797,350473.408212514
190,191,7,74,7402,REGIÓN DEL MAULE,LINARES,COLBÚN,9021,8995,26,20765,10205,10560,7.1,96.6,52.5,32.0,20.4,4488931910.95898,528791.85566753
191,192,7,74,7403,REGIÓN DEL MAULE,LINARES,LONGAVÍ,11888,11881,7,30534,15482,15052,21.0,102.9,48.9,29.5,19.4,2232577638.67969,325230.499353139
192,193,7,74,7404,REGIÓN DEL MAULE,LINARES,PARRAL,17448,17427,21,41637,20165,21472,25.4,93.9,53.8,32.4,21.4,2522235104.44336,429278.211662928
193,194,7,74,7405,REGIÓN DEL MAULE,LINARES,RETIRO,8260,8251,9,19974,10054,9920,24.2,101.4,50.9,30.1,20.9,1262941186.14258,242686.42293987
194,195,7,74,7406,REGIÓN DEL MAULE,LINARES,SAN JAVIER,17895,17869,26,45547,22002,23545,34.7,93.4,51.7,31.7,19.9,1987214684.87695,263007.491346059
195,196,7,74,7407,REGIÓN DEL MAULE,LINARES,VILLA ALEGRE,6833,6826,7,16221,7880,8341,85.4,94.5,53.4,30.8,22.6,288426096.802734,88351.7980183883
196,197,7,74,7408,REGIÓN DEL MAULE,LINARES,YERBAS BUENAS,6813,6811,2,18081,9125,8956,69.6,101.9,49.6,31.4,18.2,394528556.037109,105830.96328675
197,198,16,161,16101,REGIÓN DEL ÑUBLE,DIGUILLÍN,CHILLÁN,67854,67744,110,184739,87521,97218,388.9,90.0,46.7,28.9,17.8,737849045.679688,257551.520424302
198,199,16,161,16102,REGIÓN DEL ÑUBLE,DIGUILLÍN,BULNES,8751,8742,9,21493,10382,11111,50.3,93.4,51.1,29.9,21.3,666358727.246094,138020.685859712
199,200,16,161,16103,REGIÓN DEL ÑUBLE,DIGUILLÍN,CHILLÁN VIEJO,11276,11267,9,30907,14581,16326,117.2,89.3,46.9,33.0,13.9,410572534.453125,112307.458661228
200,201,16,161,16104,REGIÓN DEL ÑUBLE,DIGUILLÍN,EL CARMEN,4913,4909,4,12044,5967,6077,18.1,98.2,53.3,29.0,24.3,1044451751.01172,189569.129000463
201,202,16,161,16105,REGIÓN DEL ÑUBLE,DIGUILLÍN,PEMUCO,3430,3425,5,8448,4221,4227,15.0,99.9,50.4,29.5,20.9,882226498.515625,242420.856663645
202,203,16,161,16106,REGIÓN DEL ÑUBLE,DIGUILLÍN,PINTO,5429,5414,15,10827,5336,5491,9.8,97.2,49.2,27.1,22.1,1729502955.96875,323736.153833461
203,204,16,161,16107,REGIÓN DEL ÑUBLE,DIGUILLÍN,QUILLÓN,10739,10734,5,17485,8664,8821,43.0,98.2,54.2,27.8,26.3,635126893.21875,158991.558438114
204,205,16,161,16108,REGIÓN DEL ÑUBLE,DIGUILLÍN,SAN IGNACIO,6651,6647,4,16079,7882,8197,44.4,96.2,50.7,28.4,22.3,565992102.050781,151410.985128205
205,206,16,161,16109,REGIÓN DEL ÑUBLE,DIGUILLÍN,YUNGAY,8284,8265,19,17787,8964,8823,21.6,101.6,51.4,29.3,22.1,1297010794.69922,253489.313536197
206,207,16,162,16201,REGIÓN DEL ÑUBLE,ITATA,QUIRIHUE,5248,5234,14,11594,5679,5915,19.8,96.0,53.2,28.9,24.3,899020977.78125,219747.251488244
207,208,16,162,16202,REGIÓN DEL ÑUBLE,ITATA,COBQUECURA,3213,3199,14,5012,2525,2487,8.7,101.5,53.9,22.7,31.2,886199713.902344,198607.148342506
208,209,16,162,16203,REGIÓN DEL ÑUBLE,ITATA,COELEMU,6140,6128,12,15995,7873,8122,46.5,96.9,53.1,30.5,22.5,532782358.613281,123516.389004377
209,210,16,162,16204,REGIÓN DEL ÑUBLE,ITATA,NINHUE,2299,2297,2,5213,2567,2646,12.9,97.0,55.0,25.7,29.3,622034044.863281,147825.294721535
210,211,16,162,16205,REGIÓN DEL ÑUBLE,ITATA,PORTEZUELO,2070,2067,3,4862,2416,2446,16.8,98.8,54.1,27.3,26.8,447824610.935547,107003.719599649
211,212,16,162,16206,REGIÓN DEL ÑUBLE,ITATA,RÁNQUIL,2826,2821,5,5755,2842,2913,23.1,97.6,58.3,28.0,30.3,386357581.464844,101751.0297015
212,213,16,162,16207,REGIÓN DEL ÑUBLE,ITATA,TREGUACO,2524,2522,2,5401,2703,2698,17.2,100.2,52.7,27.8,24.9,484071326.181641,147016.565145378
213,214,16,163,16301,REGIÓN DEL ÑUBLE,PUNILLA,SAN CARLOS,20980,20963,17,53024,25425,27599,60.5,92.1,51.0,29.5,21.5,1354553610.2207,253659.892111176
214,215,16,163,16302,REGIÓN DEL ÑUBLE,PUNILLA,COIHUECO,10054,10048,6,26881,13424,13457,15.2,99.8,47.8,30.9,16.9,2760211454.51172,332897.784840029
215,216,16,163,16303,REGIÓN DEL ÑUBLE,PUNILLA,ÑIQUÉN,4842,4837,5,11152,5616,5536,22.6,101.4,56.1,28.1,28.1,761201673.501953,192477.497826819
216,217,16,163,16304,REGIÓN DEL ÑUBLE,PUNILLA,SAN FABIÁN,2306,2298,8,4308,2203,2105,2.8,104.7,55.4,28.8,26.6,2396107112.30078,379516.701436761
217,218,16,163,16305,REGIÓN DEL ÑUBLE,PUNILLA,SAN NICOLÁS,4727,4725,2,11603,5796,5807,20.5,99.8,49.6,27.8,21.8,878015120.207031,162472.117506895
218,219,8,81,8101,REGIÓN DEL BIOBÍO,CONCEPCIÓN,CONCEPCIÓN,85638,85352,286,223574,107624,115950,1033.6,92.8,39.2,21.8,17.3,337655453.890625,104779.935818661
219,220,8,81,8102,REGIÓN DEL BIOBÍO,CONCEPCIÓN,CORONEL,41175,41144,31,116262,55799,60463,424.9,92.3,47.6,33.2,14.4,429472775.046875,156823.692970975
220,221,8,81,8103,REGIÓN DEL BIOBÍO,CONCEPCIÓN,CHIGUAYANTE,28959,28943,16,85938,40505,45433,1354.6,89.2,44.6,28.3,16.3,99210118.5039063,60471.5866661207
221,222,8,81,8104,REGIÓN DEL BIOBÍO,CONCEPCIÓN,FLORIDA,5172,5164,8,10624,5386,5238,17.5,102.8,51.5,25.9,25.6,946532324.0,175992.449276753
222,223,8,81,8105,REGIÓN DEL BIOBÍO,CONCEPCIÓN,HUALQUI,9031,9012,19,24333,11843,12490,45.5,94.8,49.2,32.6,16.6,839128259.890625,168142.435285038
223,224,8,81,8106,REGIÓN DEL BIOBÍO,CONCEPCIÓN,LOTA,15489,15486,3,43535,20950,22585,378.5,92.8,48.9,30.0,18.9,180821659.601563,80583.6152443255
224,225,8,81,8107,REGIÓN DEL BIOBÍO,CONCEPCIÓN,PENCO,15834,15824,10,47367,22617,24750,440.0,91.4,47.1,29.6,17.6,167710460.785156,85196.009340286
225,226,8,81,8108,REGIÓN DEL BIOBÍO,CONCEPCIÓN,SAN PEDRO DE LA PAZ,47511,47489,22,131808,62941,68867,1435.3,91.4,46.4,33.6,12.8,143580130.441406,63232.79166453
226,227,8,81,8109,REGIÓN DEL BIOBÍO,CONCEPCIÓN,SANTA JUANA,6219,6211,8,13749,6751,6998,17.6,96.5,53.9,31.3,22.6,1233219765.20703,212005.229804111
227,228,8,81,8110,REGIÓN DEL BIOBÍO,CONCEPCIÓN,TALCAHUANO,50599,50550,49,151749,72993,78756,1624.6,92.7,45.0,27.5,17.5,145493090.804688,122103.033577036
228,229,8,81,8111,REGIÓN DEL BIOBÍO,CONCEPCIÓN,TOMÉ,23323,23311,12,54946,25919,29027,110.6,89.3,50.5,28.9,21.6,771827563.28125,182212.48311498
229,230,8,81,8112,REGIÓN DEL BIOBÍO,CONCEPCIÓN,HUALPÉN,30722,30704,18,91773,43488,48285,2008.7,90.1,46.2,27.9,18.3,71218738.3203125,57747.7140343799
230,231,8,82,8201,REGIÓN DEL BIOBÍO,ARAUCO,LEBU,9288,9262,26,25522,12441,13081,45.4,95.1,50.0,33.6,16.4,896544006.574219,267490.102065524
231,232,8,82,8202,REGIÓN DEL BIOBÍO,ARAUCO,ARAUCO,13252,13211,41,36257,17875,18382,37.8,97.2,48.0,31.7,16.3,1515518266.0,271736.026939422
232,233,8,82,8203,REGIÓN DEL BIOBÍO,ARAUCO,CAÑETE,12855,12835,20,34537,16641,17896,31.7,93.0,54.5,36.0,18.5,1747980313.84375,286923.811237001
233,234,8,82,8204,REGIÓN DEL BIOBÍO,ARAUCO,CONTULMO,2694,2687,7,6031,3028,3003,9.4,100.8,53.6,31.5,22.1,1033771357.64844,247329.515637421
234,235,8,82,8205,REGIÓN DEL BIOBÍO,ARAUCO,CURANILAHUE,11301,11290,11,32288,15828,16460,32.1,96.2,49.1,32.2,16.9,1593853083.25781,251827.108784883
235,236,8,82,8206,REGIÓN DEL BIOBÍO,ARAUCO,LOS ÁLAMOS,7721,7711,10,21035,10203,10832,34.9,94.2,53.5,37.4,16.1,961624770.773438,235085.58934844
236,237,8,82,8207,REGIÓN DEL BIOBÍO,ARAUCO,TIRÚA,4052,4041,11,10417,5195,5222,16.6,99.5,51.5,37.0,14.6,1019758788.5625,205804.165087817
237,238,8,83,8301,REGIÓN DEL BIOBÍO,BIOBÍO,LOS ÁNGELES,74936,74832,104,202331,97980,104351,115.5,93.9,48.9,32.7,16.2,2779001547.55078,317642.818768888
238,239,8,83,8302,REGIÓN DEL BIOBÍO,BIOBÍO,ANTUCO,2008,1996,12,4073,1975,2098,2.1,94.1,56.4,31.1,25.2,3097610482.46875,390680.89040533
239,240,8,83,8303,REGIÓN DEL BIOBÍO,BIOBÍO,CABRERO,11048,11028,20,28573,14174,14399,43.4,98.4,48.4,30.5,17.9,1034227658.11719,177259.9492862
240,241,8,83,8304,REGIÓN DEL BIOBÍO,BIOBÍO,LAJA,8747,8734,13,22389,10744,11645,65.1,92.3,53.8,33.1,20.7,543470069.441406,97419.4251992216
241,242,8,83,8305,REGIÓN DEL BIOBÍO,BIOBÍO,MULCHÉN,10689,10665,24,29627,14597,15030,15.4,97.1,52.6,32.7,19.9,3082443220.79688,379762.586559371
242,243,8,83,8306,REGIÓN DEL BIOBÍO,BIOBÍO,NACIMIENTO,10130,10107,23,26315,12962,13353,29.0,97.1,51.0,32.9,18.1,1441694451.19531,242252.268094876
243,244,8,83,8307,REGIÓN DEL BIOBÍO,BIOBÍO,NEGRETE,3521,3518,3,9737,4813,4924,62.6,97.7,53.1,33.6,19.5,247799050.296875,95503.4663114286
244,245,8,83,8308,REGIÓN DEL BIOBÍO,BIOBÍO,QUILACO,1936,1931,5,3988,2001,1987,3.5,100.7,61.5,29.0,32.4,1812783548.35547,350061.028402891
245,246,8,83,8309,REGIÓN DEL BIOBÍO,BIOBÍO,QUILLECO,3880,3875,5,9587,4720,4867,8.5,97.0,57.5,30.2,27.3,1783508480.09766,297620.754631448
246,247,8,83,8310,REGIÓN DEL BIOBÍO,BIOBÍO,SAN ROSENDO,1500,1497,3,3412,1661,1751,36.9,94.9,57.3,31.4,26.0,145618822.09375,70279.8411277545
247,248,8,83,8311,REGIÓN DEL BIOBÍO,BIOBÍO,SANTA BÁRBARA,5447,5432,15,13773,6699,7074,11.0,94.7,55.6,33.9,21.7,1996068533.97656,285755.854347383
248,249,8,83,8312,REGIÓN DEL BIOBÍO,BIOBÍO,TUCAPEL,6510,6500,10,14134,6876,7258,15.5,94.7,56.3,31.9,24.4,1438157194.80859,210256.560708121
249,250,8,83,8313,REGIÓN DEL BIOBÍO,BIOBÍO,YUMBEL,10248,10234,14,21198,10465,10733,29.1,97.5,53.6,27.6,26.0,1146883277.67969,215543.065572256
250,251,8,83,8314,REGIÓN DEL BIOBÍO,BIOBÍO,ALTO BIOBÍO,2137,2107,30,5923,3036,2887,2.8,105.2,57.6,45.5,12.1,3414319254.75781,321774.096446971
251,252,9,91,9101,REGIÓN DE LA ARAUCANÍA,CAUTÍN,TEMUCO,104757,104553,204,282415,134289,148126,606.2,90.7,43.8,28.2,15.5,764074904.550781,140875.482005474
252,253,9,91,9102,REGIÓN DE LA ARAUCANÍA,CAUTÍN,CARAHUE,9598,9582,16,24533,12202,12331,18.3,99.0,58.3,35.0,23.2,2189737575.09766,358130.181836844
253,254,9,91,9103,REGIÓN DE LA ARAUCANÍA,CAUTÍN,CUNCO,8036,8024,12,17526,8765,8761,9.3,100.0,58.9,31.2,27.7,3131477594.99609,355657.699788953
254,255,9,91,9104,REGIÓN DE LA ARAUCANÍA,CAUTÍN,CURARREHUE,3281,3269,12,7489,3821,3668,6.4,104.2,56.1,36.4,19.7,1948683222.03125,316553.805992148
255,256,9,91,9105,REGIÓN DE LA ARAUCANÍA,CAUTÍN,FREIRE,9293,9284,9,24606,12413,12193,28.1,101.8,51.8,30.4,21.4,1449369645.89453,248960.523374341
256,257,9,91,9106,REGIÓN DE LA ARAUCANÍA,CAUTÍN,GALVARINO,4275,4271,4,11996,6032,5964,21.1,101.1,59.1,36.0,23.1,928215155.992188,176700.613310927
257,258,9,91,9107,REGIÓN DE LA ARAUCANÍA,CAUTÍN,GORBEA,6119,6111,8,14414,6945,7469,20.8,93.0,53.9,28.1,25.8,1149790467.35938,210702.818259099
258,259,9,91,9108,REGIÓN DE LA ARAUCANÍA,CAUTÍN,LAUTARO,14125,14106,19,38013,18448,19565,41.9,94.3,51.3,33.6,17.7,1485257376.92578,288475.83652221
259,260,9,91,9109,REGIÓN DE LA ARAUCANÍA,CAUTÍN,LONCOCHE,10069,10061,8,23612,11502,12110,24.2,95.0,56.6,33.3,23.3,1628795363.76563,282667.96870945
260,261,9,91,9110,REGIÓN DE LA ARAUCANÍA,CAUTÍN,MELIPEUCO,2742,2724,18,6138,3091,3047,5.5,101.4,59.8,31.8,28.0,1825384390.45703,220281.880124908
261,262,9,91,9111,REGIÓN DE LA ARAUCANÍA,CAUTÍN,NUEVA IMPERIAL,12130,12112,18,32510,15870,16640,44.5,95.4,55.9,33.9,22.1,1200724581.41406,222732.023689315
262,263,9,91,9112,REGIÓN DE LA ARAUCANÍA,CAUTÍN,PADRE LAS CASAS,26158,26141,17,76126,36996,39130,164.1,94.5,48.3,33.9,14.4,763485182.65625,219600.662952422
263,264,9,91,9113,REGIÓN DE LA ARAUCANÍA,CAUTÍN,PERQUENCO,2877,2876,1,6905,3395,3510,20.8,96.7,53.5,33.2,20.4,540513730.785156,143680.771081296
264,265,9,91,9114,REGIÓN DE LA ARAUCANÍA,CAUTÍN,PITRUFQUÉN,10168,10147,21,24837,12065,12772,43.0,94.5,53.2,30.3,22.9,959745386.261719,263912.637265418
265,266,9,91,9115,REGIÓN DE LA ARAUCANÍA,CAUTÍN,PUCÓN,17356,17242,114,28523,14106,14417,22.8,97.8,46.9,30.9,16.0,2084745938.21875,269672.722334023
266,267,9,91,9116,REGIÓN DE LA ARAUCANÍA,CAUTÍN,SAAVEDRA,5686,5672,14,12450,6129,6321,31.8,97.0,61.6,35.1,26.5,643819229.332031,149771.67647843
267,268,9,91,9117,REGIÓN DE LA ARAUCANÍA,CAUTÍN,TEODORO SCHMIDT,6442,6438,4,15045,7526,7519,23.0,100.1,58.9,32.3,26.5,1083850951.97266,210875.559456286
268,269,9,91,9118,REGIÓN DE LA ARAUCANÍA,CAUTÍN,TOLTÉN,4153,4145,8,9722,4883,4839,11.4,100.9,56.4,31.7,24.7,1418067445.0625,200683.682153125
269,270,9,91,9119,REGIÓN DE LA ARAUCANÍA,CAUTÍN,VILCÚN,11112,11101,11,28151,13873,14278,19.9,97.2,51.5,34.1,17.4,2326964864.41797,328634.964466133
270,271,9,91,9120,REGIÓN DE LA ARAUCANÍA,CAUTÍN,VILLARRICA,28288,28215,73,55478,27196,28282,42.9,96.2,50.1,31.9,18.2,2158022033.25781,286428.357838902
271,272,9,91,9121,REGIÓN DE LA ARAUCANÍA,CAUTÍN,CHOLCHOL,4213,4200,13,11611,5773,5838,27.0,98.9,59.0,36.5,22.5,703896181.039063,150665.36286919
272,273,9,92,9201,REGIÓN DE LA ARAUCANÍA,MALLECO,ANGOL,19413,19366,47,53262,25613,27649,44.5,92.6,51.9,32.5,19.4,1916751651.50781,310256.239835047
273,274,9,92,9202,REGIÓN DE LA ARAUCANÍA,MALLECO,COLLIPULLI,9341,9322,19,24598,12064,12534,18.8,96.3,53.9,35.1,18.8,2109220835.67969,338567.124463502
274,275,9,92,9203,REGIÓN DE LA ARAUCANÍA,MALLECO,CURACAUTÍN,8182,8166,16,17413,8376,9037,10.5,92.7,56.8,31.5,25.3,2706477491.28906,269373.614623571
275,276,9,92,9204,REGIÓN DE LA ARAUCANÍA,MALLECO,ERCILLA,2821,2818,3,7733,3817,3916,15.5,97.5,59.0,36.9,22.0,805995433.855469,212005.202889512
276,277,9,92,9205,REGIÓN DE LA ARAUCANÍA,MALLECO,LONQUIMAY,4790,4771,19,10251,5346,4905,2.6,109.0,52.2,33.2,19.0,6426573129.50391,449277.21839008
277,278,9,92,9206,REGIÓN DE LA ARAUCANÍA,MALLECO,LOS SAUCES,3051,3043,8,7265,3607,3658,8.5,98.6,53.6,30.0,23.6,1369293325.76953,207025.063687099
278,279,9,92,9207,REGIÓN DE LA ARAUCANÍA,MALLECO,LUMACO,3854,3847,7,9548,4927,4621,8.6,106.6,58.1,34.8,23.3,1801725345.94141,283707.932779769
279,280,9,92,9208,REGIÓN DE LA ARAUCANÍA,MALLECO,PURÉN,4809,4800,9,11779,5677,6102,25.3,93.0,57.3,34.0,23.3,748162078.949219,170366.353406199
280,281,9,92,9209,REGIÓN DE LA ARAUCANÍA,MALLECO,RENAICO,3928,3924,4,10250,4957,5293,38.6,93.7,50.6,32.1,18.5,424376411.980469,142091.254092631
281,282,9,92,9210,REGIÓN DE LA ARAUCANÍA,MALLECO,TRAIGUÉN,7256,7242,14,18843,9019,9824,21.0,91.8,56.7,32.4,24.3,1457396873.75781,239201.172526804
282,283,9,92,9211,REGIÓN DE LA ARAUCANÍA,MALLECO,VICTORIA,12828,12800,28,34182,16408,17774,27.1,92.3,50.9,29.9,21.0,2047228793.51563,246142.99999135
283,284,14,141,14101,REGIÓN DE LOS RÍOS,VALDIVIA,VALDIVIA,61192,60955,237,166080,80348,85732,171.5,93.7,42.8,26.6,16.2,1638118308.24609,675035.790173725
284,285,14,141,14102,REGIÓN DE LOS RÍOS,VALDIVIA,CORRAL,2574,2563,11,5302,2635,2667,7.3,98.8,52.6,28.8,23.8,1228398138.13672,338809.17887666
285,286,14,141,14103,REGIÓN DE LOS RÍOS,VALDIVIA,LANCO,6450,6433,17,16752,8224,8528,31.5,96.4,54.0,33.6,20.4,894625572.679688,194794.156176834
286,287,14,141,14104,REGIÓN DE LOS RÍOS,VALDIVIA,LOS LAGOS,7913,7890,23,19634,9757,9877,11.0,98.8,51.4,31.9,19.5,3042373338.72656,401592.245930024
287,288,14,141,14105,REGIÓN DE LOS RÍOS,VALDIVIA,MÁFIL,2712,2707,5,7095,3492,3603,12.3,96.9,55.3,33.5,21.8,976636777.726563,232832.908612684
288,289,14,141,14106,REGIÓN DE LOS RÍOS,VALDIVIA,MARIQUINA,8417,8405,12,21278,10607,10671,16.4,99.4,55.4,36.5,18.8,2180760009.82813,470782.728058905
289,290,14,141,14107,REGIÓN DE LOS RÍOS,VALDIVIA,PAILLACO,7626,7603,23,20188,10067,10121,22.4,99.5,51.9,31.6,20.3,1541039596.98438,261851.037887646
290,291,14,141,14108,REGIÓN DE LOS RÍOS,VALDIVIA,PANGUIPULLI,16810,16752,58,34539,17199,17340,10.5,99.2,51.9,32.4,19.5,5579645886.03906,461350.409048711
291,292,14,142,14201,REGIÓN DE LOS RÍOS,RANCO,LA UNIÓN,15125,15088,37,38036,18729,19307,17.8,97.0,52.8,31.2,21.6,3656178671.11719,468285.236231035
292,293,14,142,14202,REGIÓN DE LOS RÍOS,RANCO,FUTRONO,6500,6482,18,14665,7252,7413,7.0,97.8,53.4,34.5,18.9,3602720947.65234,403272.099627584
293,294,14,142,14203,REGIÓN DE LOS RÍOS,RANCO,LAGO RANCO,5345,5335,10,9896,5045,4851,5.7,104.0,54.8,31.7,23.0,3007888220.51953,367260.208281208
294,295,14,142,14204,REGIÓN DE LOS RÍOS,RANCO,RÍO BUENO,13312,13296,16,31372,15492,15880,14.4,97.6,52.5,29.7,22.8,3764992814.84766,432091.906081183
295,296,10,101,10101,REGIÓN DE LOS LAGOS,LLANQUIHUE,PUERTO MONTT,93380,93172,208,245902,121019,124883,146.7,96.9,43.4,31.2,12.2,2985827716.92578,509090.665210708
296,297,10,101,10102,REGIÓN DE LOS LAGOS,LLANQUIHUE,CALBUCO,13570,13534,36,33985,17104,16881,57.7,101.3,51.7,32.3,19.4,1055391910.89063,603170.086027398
297,298,10,101,10103,REGIÓN DE LOS LAGOS,LLANQUIHUE,COCHAMÓ,2240,2220,20,4023,2195,1828,1.0,120.1,48.7,24.8,23.9,7069885377.63281,785253.927790664
298,299,10,101,10104,REGIÓN DE LOS LAGOS,LLANQUIHUE,FRESIA,5262,5254,8,12261,6181,6080,9.6,101.7,51.1,28.5,22.6,2250857746.84766,330414.200523037
299,300,10,101,10105,REGIÓN DE LOS LAGOS,LLANQUIHUE,FRUTILLAR,7909,7885,24,18428,9093,9335,22.2,97.4,48.2,30.6,17.6,1459163294.81641,205352.902381386
300,301,10,101,10106,REGIÓN DE LOS LAGOS,LLANQUIHUE,LOS MUERMOS,7264,7257,7,17068,8681,8387,13.9,103.5,53.1,30.4,22.7,2172787106.16797,325806.050215581
301,302,10,101,10107,REGIÓN DE LOS LAGOS,LLANQUIHUE,LLANQUIHUE,6135,6123,12,17591,8627,8964,40.5,96.2,47.1,29.9,17.2,766379273.523438,162528.48580798
302,303,10,101,10108,REGIÓN DE LOS LAGOS,LLANQUIHUE,MAULLÍN,6630,6616,14,14216,7231,6985,17.6,103.5,53.0,27.8,25.2,1446410127.25391,417772.74605666
303,304,10,101,10109,REGIÓN DE LOS LAGOS,LLANQUIHUE,PUERTO VARAS,17643,17541,102,44578,21878,22700,11.1,96.4,46.6,32.3,14.3,7102566223.10156,737441.571703712
304,305,10,102,10201,REGIÓN DE LOS LAGOS,CHILOÉ,CASTRO,18021,17929,92,43807,21471,22336,93.4,96.1,46.5,30.5,16.0,859404741.34375,360384.011916976
305,306,10,102,10202,REGIÓN DE LOS LAGOS,CHILOÉ,ANCUD,16959,16925,34,38991,19029,19962,22.3,95.3,49.9,29.9,20.0,3153589605.67578,699050.988188869
306,307,10,102,10203,REGIÓN DE LOS LAGOS,CHILOÉ,CHONCHI,6706,6689,17,14858,7445,7413,10.8,100.4,45.3,28.7,16.6,2528748510.00781,303343.519583416
307,308,10,102,10204,REGIÓN DE LOS LAGOS,CHILOÉ,CURACO DE VÉLEZ,1693,1687,6,3829,1853,1976,48.1,93.8,56.3,32.3,24.0,145772615.296875,65125.8997797263
308,309,10,102,10205,REGIÓN DE LOS LAGOS,CHILOÉ,DALCAHUE,5659,5615,44,13762,6913,6849,11.2,100.9,49.0,32.0,17.0,2250612476.64844,362976.1077405
309,310,10,102,10206,REGIÓN DE LOS LAGOS,CHILOÉ,PUQUELDÓN,1641,1623,18,3921,1973,1948,40.8,101.3,52.6,27.4,25.2,177490748.601563,97718.6362125952
310,311,10,102,10207,REGIÓN DE LOS LAGOS,CHILOÉ,QUEILÉN,2450,2431,19,5385,2773,2612,16.3,106.2,49.8,30.2,19.6,615108764.0,259289.5059057
311,312,10,102,10208,REGIÓN DE LOS LAGOS,CHILOÉ,QUELLÓN,11003,10946,57,27192,13857,13335,8.1,103.9,43.9,33.5,10.4,6291297325.39844,1166512.8904008
312,313,10,102,10209,REGIÓN DE LOS LAGOS,CHILOÉ,QUEMCHI,3860,3832,28,8352,4308,4044,18.9,106.5,52.9,29.2,23.7,802604000.988281,460274.69603099
313,314,10,102,10210,REGIÓN DE LOS LAGOS,CHILOÉ,QUINCHAO,3566,3530,36,8088,3941,4147,51.2,95.0,53.1,30.1,23.1,291215727.398438,290462.898902091
314,315,10,103,10301,REGIÓN DE LOS LAGOS,OSORNO,OSORNO,60132,60059,73,161460,77155,84305,168.7,91.5,47.1,29.8,17.2,1658706044.03125,326707.921119834
315,316,10,103,10302,REGIÓN DE LOS LAGOS,OSORNO,PUERTO OCTAY,4099,4081,18,8999,4721,4278,5.0,110.4,47.1,28.6,18.5,3145091512.62109,370381.022661859
316,317,10,103,10303,REGIÓN DE LOS LAGOS,OSORNO,PURRANQUE,7873,7857,16,20369,9976,10393,14.0,96.0,53.7,30.8,22.9,2544969192.34375,436778.635615633
317,318,10,103,10304,REGIÓN DE LOS LAGOS,OSORNO,PUYEHUE,4911,4893,18,11667,5958,5709,7.1,104.4,49.2,28.5,20.7,2861396384.05859,410786.573676481
318,319,10,103,10305,REGIÓN DE LOS LAGOS,OSORNO,RÍO NEGRO,5670,5662,8,14085,7051,7034,11.1,100.2,53.3,29.8,23.5,2212325419.60938,385872.460533154
319,320,10,103,10306,REGIÓN DE LOS LAGOS,OSORNO,SAN JUAN DE LA COSTA,5314,5309,5,7512,4011,3501,4.9,114.6,55.8,27.3,28.4,2630425915.47266,328155.238210595
320,321,10,103,10307,REGIÓN DE LOS LAGOS,OSORNO,SAN PABLO,4235,4229,6,10030,4978,5052,15.9,98.5,54.4,29.0,25.4,1084334328.88672,232810.126491379
321,322,10,104,10401,REGIÓN DE LOS LAGOS,PALENA,CHAITÉN,2221,2161,60,5071,3016,2055,0.6,146.8,37.5,23.9,13.6,15552755014.8125,1410514.57640113
322,323,10,104,10402,REGIÓN DE LOS LAGOS,PALENA,FUTALEUFÚ,1433,1409,24,2623,1375,1248,2.1,110.2,43.6,26.2,17.4,2325351602.76953,304755.904117874
323,324,10,104,10403,REGIÓN DE LOS LAGOS,PALENA,HUALAIHUÉ,4439,4418,21,8944,4701,4243,3.1,110.8,49.9,33.4,16.5,5268254767.21094,811101.653976015
324,325,10,104,10404,REGIÓN DE LOS LAGOS,PALENA,PALENA,1002,999,3,1711,886,825,0.6,107.4,49.2,26.2,23.0,5077216797.39453,499055.664781627
325,326,11,111,11101,REGIÓN DE AYSÉN DEL GENERAL CARLOS IBÁÑEZ DEL CAMPO,COYHAIQUE,COYHAIQUE,23999,23863,136,57818,28763,29055,7.9,99.0,47.5,34.4,13.1,14834742763.5078,1019026.96530597
326,327,11,111,11102,REGIÓN DE AYSÉN DEL GENERAL CARLOS IBÁÑEZ DEL CAMPO,COYHAIQUE,LAGO VERDE,606,592,14,852,494,358,0.2,138.0,46.6,26.2,20.5,10678330699.1328,779258.451849484
327,328,11,112,11201,REGIÓN DE AYSÉN DEL GENERAL CARLOS IBÁÑEZ DEL CAMPO,AYSÉN,AYSÉN,9617,9496,121,23959,12719,11240,0.8,113.2,46.9,34.2,12.6,61944075457.8711,13196260.0896124
328,329,11,112,11202,REGIÓN DE AYSÉN DEL GENERAL CARLOS IBÁÑEZ DEL CAMPO,AYSÉN,CISNES,2940,2806,134,6517,3922,2595,0.4,151.1,35.4,25.6,9.8,30225633304.9063,9570064.76876007
329,330,11,112,11203,REGIÓN DE AYSÉN DEL GENERAL CARLOS IBÁÑEZ DEL CAMPO,AYSÉN,GUAITECAS,690,677,13,1843,1166,677,2.9,172.2,32.4,23.8,8.6,1211369795.89063,1279899.63876854
330,331,11,113,11301,REGIÓN DE AYSÉN DEL GENERAL CARLOS IBÁÑEZ DEL CAMPO,CAPITÁN PRAT,COCHRANE,1771,1726,45,3490,1902,1588,0.4,119.8,43.4,29.9,13.5,18804271745.3281,868268.340488862
331,332,11,113,11302,REGIÓN DE AYSÉN DEL GENERAL CARLOS IBÁÑEZ DEL CAMPO,CAPITÁN PRAT,O'HIGGINS,363,345,18,625,374,251,0.1,149.0,39.8,30.2,9.6,17619864341.7305,809630.583554304
332,333,11,113,11303,REGIÓN DE AYSÉN DEL GENERAL CARLOS IBÁÑEZ DEL CAMPO,CAPITÁN PRAT,TORTEL,320,303,17,523,285,238,0.0,119.7,43.3,33.7,9.6,44929437798.3516,12963181.1576907
333,334,11,114,11401,REGIÓN DE AYSÉN DEL GENERAL CARLOS IBÁÑEZ DEL CAMPO,GENERAL CARRERA,CHILE CHICO,2602,2560,42,4865,2577,2288,0.8,112.6,46.1,29.1,17.0,12245257155.7891,702151.108352279
334,335,11,114,11402,REGIÓN DE AYSÉN DEL GENERAL CARLOS IBÁÑEZ DEL CAMPO,GENERAL CARRERA,RÍO IBÁÑEZ,1813,1785,28,2666,1445,1221,0.4,118.3,49.0,26.6,22.5,12545169349.793,616637.394722557
335,336,12,121,12101,REGIÓN DE MAGALLANES Y DE LA ANTÁRTICA CHILENA,MAGALLANES,PUNTA ARENAS,50501,50297,204,131592,65538,66054,7.4,99.2,44.3,27.2,17.1,50360774877.668,23890618.4220415
336,337,12,121,12102,REGIÓN DE MAGALLANES Y DE LA ANTÁRTICA CHILENA,MAGALLANES,LAGUNA BLANCA,285,274,11,274,191,83,0.1,230.1,38.4,23.7,14.6,9341688956.39844,509762.682756263
337,338,12,121,12103,REGIÓN DE MAGALLANES Y DE LA ANTÁRTICA CHILENA,MAGALLANES,RÍO VERDE,231,204,27,617,522,95,0.1,549.5,8.1,2.3,5.8,25055775219.25,6348059.24102224
338,339,12,121,12104,REGIÓN DE MAGALLANES Y DE LA ANTÁRTICA CHILENA,MAGALLANES,SAN GREGORIO,372,344,28,799,619,180,0.1,343.9,17.5,10.0,7.5,17994593050.8672,952277.964104617
339,340,12,122,12201,REGIÓN DE MAGALLANES Y DE LA ANTÁRTICA CHILENA,ANTÁRTICA CHILENA,CABO DE HORNOS,762,716,46,2063,1195,868,0.1,137.7,39.3,34.9,4.4,47830572065.8594,20655966.6272957
340,341,12,122,12202,REGIÓN DE MAGALLANES Y DE LA ANTÁRTICA CHILENA,ANTÁRTICA CHILENA,ANTÁRTICA,17,9,8,138,126,12,0.0,1050.0,6.2,6.2,0.0,24525685068712.5,54485476.8458687
341,342,12,123,12301,REGIÓN DE MAGALLANES Y DE LA ANTÁRTICA CHILENA,TIERRA DEL FUEGO,PORVENIR,3187,3127,60,6801,3993,2808,0.9,142.2,39.2,25.7,13.5,20462072272.6094,898301.323249648
342,343,12,123,12302,REGIÓN DE MAGALLANES Y DE LA ANTÁRTICA CHILENA,TIERRA DEL FUEGO,PRIMAVERA,472,399,73,1158,930,228,0.3,407.9,14.3,9.2,5.1,11662605826.5039,729898.19751402
343,344,12,123,12303,REGIÓN DE MAGALLANES Y DE LA ANTÁRTICA CHILENA,TIERRA DEL FUEGO,TIMAUKEL,214,206,8,405,343,62,0.0,553.2,15.1,8.0,7.1,32044560332.6758,2862313.3286004
344,345,12,124,12401,REGIÓN DE MAGALLANES Y DE LA ANTÁRTICA CHILENA,ÚLTIMA ESPERANZA,NATALES,9369,9259,110,21477,10992,10485,0.4,104.8,46.7,27.8,18.8,121366355537.969,50997972.1934879
345,346,12,124,12402,REGIÓN DE MAGALLANES Y DE LA ANTÁRTICA CHILENA,ÚLTIMA ESPERANZA,TORRES DEL PAINE,226,188,38,1209,800,409,0.2,195.6,11.8,4.4,7.4,16607397275.6328,789209.526970612